{
    "f1_closest_food": 21.577579739818688,
    "f2_active_ghost": -387.5373448289046,
    "f3_dead_end": -285.9925391731256,
    "f4_scared_ghost": -160.67056107216033,
    "f6_capsule": -37.69360581782947,
    "bias": -36.72040958667742
}