{
    "f1_closest_food": -20.885535033712557,
    "f2_active_ghost": -369.9891753513041,
    "f3_dead_end": -215.0787733912606,
    "f4_scared_ghost": 88.69645636198595,
    "f6_capsule": 77.3421063431949,
    "bias": -65.95569566094301
}