{
    "f1_closest_food": -13.539838489973192,
    "f2_active_ghost": -167.209988805572,
    "f3_dead_end": -311.6320263667335,
    "f4_scared_ghost": 60.83499661830355,
    "f6_capsule": 50.361295183913434,
    "bias": -71.5004847279352
}